name,n,avg_length,validation_first_rate,premature_advice_rate
llama_base,682,120.5117,0.777126,0.221408
llama_cognitive,682,152.9912,0.746334,0.249267
llama_ablation,682,116.4868,0.793255,0.206745
qwen_base,682,106.5264,0.599707,0.397361
qwen_cognitive,682,78.8548,0.558651,0.441349
qwen_ablation,682,99.9223,0.504399,0.489736
gpt4o,682,78.9912,0.891496,0.108504
claude_sonnet,682,69.4663,0.910557,0.089443
gpt4o_mini,682,55.6628,0.882698,0.114370
